PC1,PC2,PC3,PC4,PC5,PC6
9.192836826210085,1.9485830709278287,-1.123166163702686,3.6337308820376157,-1.1951100490584223,1.411424506589038
2.3878017958051796,-3.768171742234064,-0.5292926882502397,1.118263871973989,0.6217749168575596,0.028656227992706097
5.733896279729599,-1.0751737965106196,-0.5517475931799067,0.91208266246112,-0.17708584447940873,0.5414521964854769
7.122953197709519,10.275589121785892,-3.232789548617749,0.15254703433703848,-2.9608784168134004,3.0534218159675577
3.935302073679933,-1.948071567898889,1.389766726124144,2.940639353714505,0.5467473563004953,-1.226494696863513
2.3802471503467335,3.9499288954759346,-2.934876794443311,0.9410368688739137,-1.0560419378530832,-0.4510387706686456
2.2388833080518618,-2.6900312772674058,-1.6399129284580665,0.14933988621187244,0.04035952718545466,-0.12894840858175902
2.1432985003803027,2.3402440067886627,-0.8719472632778567,-0.12704284893651174,-1.4274367340257945,-1.2570393168890102
3.1749242930815296,3.391812951965248,-3.1199859100339573,-0.6012970620169632,-1.5222903369606053,0.5595447933093335
6.351746789534084,7.7271740663637996,-4.341915818102748,-3.3752015632918466,1.7102629892128092,-0.723909219390827
-0.8104137708442918,-2.659275497734749,-0.4888297941026637,-1.672566559394151,0.2758115454030416,0.12733182383964292
2.6511004772434283,0.06656792646755344,-1.5264552998309062,0.05126155783520084,0.33195110731935884,0.7648664777462825
8.185034458149362,2.700976492647853,5.730230809901911,-1.1122565294308013,1.0434703732138613,2.5945715226809885
0.34212591399124104,-0.9682792609142634,1.717171583545324,-0.5950029470798504,0.4680104838434729,1.0076600833165401
4.342379194648432,4.861083312480502,-2.816115538798573,-1.4545570302803643,1.2900628331001611,-0.349716211128556
4.075656175350351,2.9770611800872735,-3.1252741513603595,-2.4580708489412166,-0.4083422071075624,0.4957776994627147
0.23005501570893316,-1.5647577252319729,-0.8025191537268825,-0.6505829209278815,-0.49471102038802706,-0.7621910267067862
4.418010915982095,1.4186703334901287,-2.2703190288804853,-0.1862724134496953,-1.4238611823168994,-0.7524892092283311
4.948703550564878,-4.114333525015243,-0.31474911174579895,-0.08820653008521973,-0.05671515245088005,-1.1376890238350392
-1.237063356956397,-0.18821495368274171,-0.5932834970683702,1.5963460948105122,-0.4421542116424807,-0.048636710823527676
-1.5781612348105276,0.5728081924228364,-1.801446705910272,1.1252757329025245,-0.3952697708371069,0.4308412039403228
-3.5573363735488015,1.6629499035403503,0.45118744606156036,2.073764684016144,-0.4907465178431656,-0.7700684481817429
4.733210788209503,3.304963728297317,-1.4665366909172952,2.0411500802624962,-0.026220109099299588,3.023043830957699
4.208524209049791,-5.1283665139744725,-0.7524020257464074,-0.8627102776103233,-0.4709678994827057,-0.5958405516113974
4.9496320739816175,-1.5437522880801084,-1.7131939315087843,0.04675914877191396,-1.7392301392304912,-0.8128797095299866
7.098562854909044,2.0186103372772664,-0.029009633795101353,2.5879505940860614,-2.0393398546712653,1.1842016044566144
3.5102626039726035,2.171625115593466,-3.894546415463897,-1.2957596790270127,-0.06821805009419432,0.7873572700681742
3.0640538860650617,-1.8765523477963877,2.5817477008400327,0.12848442238801341,-0.11666517409224145,-0.9075951291326023
4.00726414365474,0.5372421605523019,-2.761625634406053,-1.8983875176589615,-0.525672862501784,0.19284871185390567
1.715309726543376,-1.5237050229810687,0.14618709384033457,1.9113864124396545,0.5361232354914061,0.03625982266195395
6.059445513503448,-0.7571774508041516,-0.3492393987342628,-1.0642175413903134,-0.7461052148396672,0.2420803774365443
2.9022361050051644,4.005295511997207,-3.0014624610830216,-0.32531637495422555,-0.855355934583367,1.2346789761730408
4.554782688812464,0.3375361540648588,-0.7543008018826082,-0.7003299958441063,-1.5485452554371382,-0.19100750633149208
4.9906027224806495,-1.1325889059825174,-2.577384171228385,-1.2172617726271422,0.6699147761227047,0.26747871228836656
2.9853407889742853,0.7584232422668147,-3.4937617210442404,0.054260292963092094,0.1670998940794891,1.0017862434216391
2.766369157777202,-0.3543559424304923,-1.896962996746364,-0.5342558738403538,-0.8840204369748854,2.011035718792789
1.2961987650221813,0.9131962761494312,-1.5757686744032444,-1.0431666373246649,0.4147216885863134,0.568594925446833
-3.7493133959363196,-1.4134731177827813,1.7323077911353026,-0.5654425451898296,0.08033938764595241,0.2902687723081865
-0.9980689008728245,-3.3512929236354627,4.305573836880972,-0.5612096002671907,-0.4643729556825587,-1.4944568133071574
0.7652641153958409,0.8862439529094188,-2.7049183125431178,-0.27477975030687507,0.8104294511908292,-1.0373508281499304
-2.1509534707309093,-1.9239916158193158,-1.1804841586167847,-1.1131980312513234,0.4484717553400331,0.9291124680700881
-0.09333138657085972,2.2607520064429316,-1.9047264795493604,-1.4423071279341277,-1.7053638912744127,-2.122638171574355
9.087999677261182,2.0186730993325788,2.1412262911332594,-1.06924402429066,0.7979314288088636,4.311093705267742
0.9904537655024725,0.9849300204036533,-2.31073365589826,-0.2768255108863247,-0.6405109704678258,0.2427816903382199
-0.2935465509296633,-0.13709909073005294,-3.301931920313346,-1.009785869311766,-0.02251084709742744,0.11014626786862643
5.380940406936938,-0.13487697769100446,-1.6788425625336236,1.5076949069200483,0.15199820929598534,0.4239047817011814
-4.581936672189404,1.4842203179600484,0.04207461291296287,0.2962291234255123,-0.7138524513373281,0.5759269355722247
1.7000068868368459,2.3522717936811572,-3.0780890944988863,-0.06602095319274137,-1.0564663994736954,-0.28210961211860974
-2.1364452772846416,0.09582960952190042,-1.492411888337291,1.121063204998771,-0.06803722224572978,-0.6934916887136022
-1.5674789972094065,-1.2084332137121976,-0.3691591053107794,-1.4756288251656478,0.1727504660020207,0.5452839918713336
-3.5429055574631496,-1.2824955785262788,1.0182109355574385,-0.6081562397888243,-0.21963593217010136,0.2662478073896388
-3.1578140501812095,-1.6889585955231667,-0.49629371791695037,0.19401210767649313,1.4399175406591085,-0.2565386747219796
-3.4504885435153425,-0.49821871418570796,-0.15251795748787395,0.575486419780466,-0.052314892001839544,0.6298908503498585
3.30255095137597,-1.130937804767359,0.8263926003356097,0.9827170039605465,-1.1952629398947179,0.707849828350563
-0.6746192855724201,-2.1164097168176674,-1.3962197479741683,-1.0431386802224216,0.24181681073489295,-0.656654994116342
-2.8581584400462874,0.15272313619847055,0.42893493970573093,0.4830603152384123,-1.5105366061447125,1.2788638097552663
4.64873887243625,-2.310332570239041,-0.7288088563382689,0.6399416867601383,-1.1583244736732095,-0.1785918529678826
2.1768628822301617,0.9721160458983524,-1.9438883357511298,-0.7373182919721477,-0.39578382498430176,0.46233390676354663
-3.72145899283091,-1.78764165056111,1.2799328194259896,0.11556576549530162,-0.5262823495036402,0.7057398186689919
-4.135962943791912,2.4037924856387853,-1.2429584033338699,2.048346472199876,-1.165652378293114,-0.9010591552223305
-2.3858356631323403,2.7576581295766305,1.2140856303864367,1.7944891425362028,-3.3381580768858194,2.5407835271056234
-2.578883251967697,3.1386719226804654,1.4002801844988915,-0.7638665290202974,-2.784095485554782,-0.8157356931975872
4.759112153864703,3.0116805064549133,-0.16624072052395586,-0.6058278320325471,1.141701387613868,-1.2200670141059473
-2.314132249372487,3.267989679297337,2.7962242453050936,0.565726433546578,-0.3818340672839699,2.95828356694519
1.691607923166627,1.5406765572420273,-1.7998452341102262,-1.3905895742864152,-1.212674938838123,-1.2432107389393527
1.8123054050040677,0.7227401913627877,-1.4662495691568074,-1.19873004763317,-1.4280415313377346,-0.7280622914600784
-2.7859247566668115,2.3106487123540687,0.47272530310606314,-1.6071602823630355,-1.6128581534218198,-1.1895733897911944
-3.5186483396500146,-0.6583094691172257,0.5913749620906952,-0.010802691657652158,0.020589145696927463,-0.40570961885497137
4.330002649091208,9.202525685316102,1.4929628279299407,0.3199473100794398,4.728170417031403,2.2157639176427373
-3.2612794727721535,-0.9378381203816832,0.20513001242727702,1.090071526990587,-0.46034995793868355,-0.4343290958434412
2.704596172630156,-4.437141769652164,0.3073453849398718,0.48869284150059483,0.3724950557960355,-0.2918006129719697
-0.3078557704857041,7.387812177600203,3.8190859838588267,2.133555787504789,2.7107029152065953,-1.639758019636357
5.503705315297202,0.9383254148280389,-2.210131650792471,-1.5237960303781675,0.9248914712304765,-0.5400619329006142
-0.3617091926924595,0.11973908627480384,-2.0409557917111476,1.0588839825981173,0.7571093514554718,-0.9204476980484697
-2.6299766385634933,-0.6973093686068311,-0.5839416364729128,0.3381815951852846,0.46754545513148493,0.03486893133014116
1.4281675928941415,-1.9671014118326748,1.1119388572416855,0.7529108812964542,-0.5398817083759504,-0.9955631909707267
-0.8345178814915523,1.9656048643166995,0.7904325384401711,3.4376311835508346,-2.354550870860282,-0.6131016762110435
6.230896511901638,0.9200695427473109,0.08982731031890251,2.539158770830793,0.062135871393579734,0.6834714582959918
11.668714648329296,4.74861720250934,2.0058790459590243,0.31904903790127703,-3.391360995263691,4.880799266982505
-2.0215776584348464,-0.25489983400924254,-0.6478720104408973,0.05925130787701073,-0.054847881299016424,-0.0724138222547166
-1.6383849373635317,1.715949113806007,0.4342062590532464,-1.5279662243946805,-1.7693816864052239,-1.5031909879507594
1.1674616110719214,2.514515850040491,-1.9057187541037592,0.6383115224154655,0.23618114487172553,0.1381336940636677
10.769242819272248,-2.2579828979327545,0.0388357915449945,-0.3893855412095466,1.187288578734769,-2.1881601005199722
5.0348110854764965,0.7744091567687834,2.6823380246633484,-1.6665041414213126,-0.31161946605459834,-1.4225480988914514
-2.17446430954685,0.4968779848685744,-0.9490918102260262,0.20721922215173771,-0.8853460517232827,0.8830402891181623
3.288235384719207,-1.6682370620869533,0.14693184549366356,0.437493012503499,-1.3685699452484719,0.9680275511176197
0.6076079451781282,0.16221452493263072,1.6373748702163275,-1.1145116390075145,-0.540795242426721,0.5678595143898394
3.583563626066185,-2.206661839365975,-1.7045355957690629,-0.8012938804650834,0.36532204401391893,1.56146377313824
-0.9341581043951708,0.9277014809941817,-0.04016365295121116,-1.3533988822070568,0.06494215020239083,0.22389934802978143
1.2596046473493756,1.0155770702281957,-0.08059284679246444,2.0513348634060034,0.13752036813797044,0.8430409489423163
-1.5882639721777094,-1.6196568284680055,0.30999920826368216,-1.0919988844054795,0.05377407618797367,0.32580455849341405
0.25249756752667846,-0.5313515472350983,0.5893278266140051,-0.11053834207682667,0.4286811557773957,-0.19963461916831737
-2.84743158669806,-2.8936475983382355,0.5279888434328238,0.598816722425417,1.4356970067763062,-0.2923671230863373
-1.964950112938084,-0.9651569880644442,-0.0812081066740025,-0.09408073738605445,-0.5500239281105145,-0.3213963833614429
2.7758655690001888,0.5580005268859763,-0.6057712476496891,0.4998299994809167,0.4999057317727508,-1.0676465286156847
4.39622795470423,-2.1235077122618216,0.5795100072139575,-0.7774133978856934,-0.3038340978338369,1.7851250336722806
-2.592082827802199,0.21363392971358472,1.0356115147819827,0.6620054511560591,-0.5407644203981037,-0.0969383832599044
-3.9043381501512724,1.1900666336596732,1.5519811835275115,-0.9357754838431053,-0.7081204242682094,-2.3540039584989456
-2.818231213144366,0.3678839814268912,-1.3514356303687212,1.7384149228221468,0.28432150962135294,-0.431282464099321
0.6162808698246101,0.6389116690590974,-0.1999188729946007,-1.0974987688317979,0.11868973992929933,-0.8539389035850995
-0.43286022081762177,-1.3920442987465045,-0.08271948227700654,-1.93527991971697,-0.034460499445306866,-0.5963271893966171
-4.5550288404481645,3.52878601788212,-0.21526395886900462,1.0918856939627024,-2.758348987134547,-0.900492630934548
-3.448183541219521,-1.4246224555715625,-0.08872400328027163,-1.710727781356873,-0.10661667054823913,0.3432394537390463
-2.1159602640331316,1.849373605198797,-0.5566739774352227,-0.4643563793994286,-0.47491429395266815,-0.9919189880217026
-2.691352204960666,1.4200617398462034,0.969150772281053,-0.002859521662378052,-1.2565184097302167,0.941578614184767
3.2139167651796248,4.0467562224662394,-2.7153844586536806,1.3286253393628287,-0.22167322798686856,-2.2047950288370335
-0.7492713563500352,1.7976385171829454,-0.5683658051434485,-0.5604989809024645,-0.9330960211424345,-1.610186963610601
-3.159006037416531,-1.0357494266864868,-1.4906841611406174,-0.5931683793533616,0.5140858873754057,0.3599160425043807
13.056121858659997,0.9815132265948123,0.5988126770052276,1.4729309618611353,-0.5999129915922854,1.0217593360549497
-2.2286798134445425,0.6674106365740207,-1.0915603379887275,-1.0783017152095646,-0.29912909304108165,-1.4408752912672163
-2.4928310356110854,2.598686267942619,1.6697255612537967,0.6334859988228412,-1.1567474999823133,-1.0964082654184273
-0.10335042641265885,2.2801435367706833,2.109562788969475,-0.35184599006965706,0.6224819550902577,-1.4599864312682787
3.5912941186874225,3.9263331554143996,2.0470067315830374,-0.23176634082011938,5.465263877218416,0.8338571528681341
-1.3489486828692205,3.5562251002657077,1.7321912750884298,-0.04699074015506166,-0.3452510575772882,-1.2628876281264676
-2.51011767555858,3.251319503522253,-1.6876243934092263,1.189961414688379,-0.4555870528858228,-1.7079419220616452
-2.046029572452818,0.3048848668145478,-0.5338387049956806,-0.48984174982144496,-0.06791209593992253,-1.3389296935739166
-2.097069169447034,3.6670958834147354,3.632200477446268,1.5397868527706107,2.23652983301432,-2.2957059687385684
3.110527693349003,1.5693895564083784,-2.613936123195575,0.618467727609599,-1.1817792496411001,-0.7682307610859855
4.956725570003295,2.384846218649427,-1.9351070935370673,-0.6108412305163675,-0.14820975160212327,-1.4938060243083051
0.8510142626648185,-2.3067353675374855,0.5674619181160891,-0.043625248929342456,-2.094046522247853,4.979535802238577
-2.9659992066252006,0.3715064824415343,-2.0665331577193116,2.0725062982818963,0.1630377253586445,-0.43838559902820645
3.334133198020871,-1.3255573541378398,0.7280136642553258,1.0031987175354218,-0.9337069602157511,-0.5801239479281344
12.894612133964493,2.316622464690817,6.3286970090456975,1.9422039839518073,-3.160227540454797,-0.947053131463321
-0.770743677531316,-0.06410922003190483,-1.1344087974720825,2.510463106378247,0.02023701351844776,0.1808526538770821
-2.20251552378391,-0.7356052300998629,0.26708009918785375,-0.03761952275499877,2.9340365626652742,-0.24746767562279257
-3.1434122456012847,-1.8774090267429437,-0.6703690410943435,0.3033319286544231,0.4080693708451195,-0.22712010717835876
-0.6388804999713944,-0.9113660287257229,-2.1427241619977027,-2.1409156596967276,-0.42913973171258507,0.14888231405713936
1.9191334226510148,-3.538082368546457,1.2549245267076174,0.33599908546619806,0.5890689120931937,1.4685277404203365
1.408868363391676,1.304929406433872,0.6414287700036078,1.8869563696461296,-0.036251975243274885,-0.5342970936396793
4.643691316586327,-1.4820171693409459,-1.1706805535008307,-1.2186055303618124,0.17807258766328035,0.6786615484469872
-1.8774673636136519,1.4232306440225508,-1.070812194794362,1.7093329711736878,-0.8845491158747218,0.6546274243806595
1.4320694267953031,-1.0496039489876385,-1.2620113203169498,0.5331890471158505,-0.6266965548069545,-0.7859161314724162
1.3526270253936468,-1.1541414716820797,-1.209793265573622,-0.8281065032591918,-0.9868073330698499,0.6869749519484789
-0.7091148317245357,-1.568232323450147,-0.6699940896940463,1.6872639542140928,0.3393148284632435,0.24635856134020706
2.1714160183041105,-2.8262607261219475,-0.5621074920890121,-0.6608316215878203,-0.47497014250107095,-0.38444649720439616
-1.9768403553195777,-0.4193874468375483,-0.38057516833256066,-1.7394602074767616,-0.3086381487899906,-0.7122803051704518
-2.6007895040198488,-0.4823354675815906,1.87237270927227,-0.43801832061757695,0.01608276793006904,-2.041009500222608
-3.258007359470777,-0.41832140559573827,-0.69180562775303,0.6598536015413925,0.12156627700294205,0.06728875784962707
3.782026455582373,0.8603815973379076,3.6710006883067328,2.0478201733663233,-2.183790124495819,1.4742364024065375
-1.9920347221456567,1.3293551724850585,1.1352445434826341,2.0464332009919413,-0.2521277585730807,-1.7570829255819387
-5.015008689976219,0.5746999790728173,-0.8424381481672478,2.169662675755556,-0.8820021964171442,0.9319354971876547
1.3450204377388608,-1.2747709561275866,0.555843547025005,0.5748715253876946,-0.47084927210525773,-0.1741001955159759
-2.4559688106878466,0.8984552923677319,0.3531334802419224,-0.3679915850576267,-1.104286836418475,-0.7788872932805222
-1.8372816695185294,-0.0910267653648295,-1.4452808640960748,0.6725485443944874,-0.13619890617881,1.0742422723873397
-4.346489712230652,-0.8935722660805171,0.6392560337105686,0.4256269040308967,0.9564423958071236,-0.09919837446536643
-0.7328129161429273,3.7021823827426066,0.6585050179832351,2.2361274613248687,-0.33646745241262177,-0.38253773478064523
2.3999978431522275,4.837988819882426,-1.0281570379758567,0.34291683625599795,-2.391872695553665,5.134227905605932
0.3930986639313475,1.0830680630659928,2.24760550657948,-0.4618585962225823,1.6916285435255016,1.555220114792656
-0.4123278127958636,-0.3896313170875365,-1.0457704066846898,1.3662456891351276,0.8635071336813931,-0.35236011495262576
-3.049924940450695,-2.237784522329482,-0.46945298269985414,0.1827747292969007,1.5758460283176134,0.4088014575643729
-1.4425637316032318,0.3058704492256609,0.5515478491100061,0.35607404921457964,-2.7029191147192373,1.4997074755758417
0.08318610261360315,7.150359799985621,-0.06000997148636289,-1.8030817954406693,0.7381125886004813,-0.5642204286994691
7.0933067141890636,12.573194228697547,7.358708082900774,1.2253415538867398,7.490433686840697,0.8147305806398524
-3.7434045429961795,0.2505015267643068,-0.09738325235774653,1.9321470872540514,-1.0435915467068448,0.15421783330640804
-0.9691728143629119,0.9449443023969077,-0.8908112592068587,1.0965323090288397,-0.6135024269643164,0.9708911232132156
-2.4187199081231188,0.005552413006548761,-0.798380383700538,-0.07089206891474299,-0.07730987705964337,0.8655065132141808
4.100787726593271,-0.37880382006250546,1.446317532893671,0.7023685614583239,0.0006650330101639762,-1.0360962961491142
-0.7516030055335577,-3.0706486585737043,1.4491816779064306,-0.9534258647500249,0.8919286923616645,1.2972365864694082
-3.6546465282543865,-0.6746487417953604,-0.9069859867547849,1.5111613091179936,0.2938121186029509,-0.41395183723319523
-4.680211576015401,-1.1038572474343067,-0.2573081761905892,1.2464757092555798,0.41461842623940537,0.15341628766083415
-0.5977817666131141,1.7856508750428441,1.481735967730866,-0.17787223977715944,-1.5892265610746146,0.5892960462982997
3.3873307646417876,-2.9110371072096863,3.0072377535051413,2.8282878360108183,0.5083464327241071,0.5893891419083536
6.1498861899654385,-2.01765275483245,-1.5661437194960308,0.971646047445627,-0.3363698791888073,0.3437244095702555
-1.3250313470416921,1.469294024483629,0.8484213774989504,-1.1427664624950484,-0.047821767041026066,-1.8916327818277803
5.49415279767829,-4.165829305673629,-0.6012607682071835,0.14969970989837633,0.6255663741962822,1.0430386494201551
-2.997403207130997,-2.73886105187904,-0.16118378036009529,-0.41316979604049464,0.4055461237943341,0.7240925505083647
-4.386732721107935,0.006872281371621311,-0.9481082356478661,2.7980057789020827,0.4457308979818937,-1.688082349875258
1.2136346121473922,-2.0390389573571657,0.9806961768997273,0.23896611221200825,0.08576868716668601,0.6266564072340981
5.069661081474163,-1.7851523342488729,1.173647068413935,-0.6937328440020077,0.6486555963167226,-1.9783924673188666
-1.977701439632856,-1.8427794206508654,-0.2773597599933182,0.5497499071132029,-0.20689630624365252,-0.28386445354850204
-2.5148764188906614,0.11425229892084876,-0.4966227713308306,2.354347117557809,-0.6893749316288146,-0.04425893467026319
-0.9474878917497174,-1.6847535463434382,-0.3511863411931475,-0.577210749851275,-0.3415420930266697,-0.4226386090604165
2.8193683434663432,1.2651031320855304,-2.1531442417919764,2.70845903211039,-0.04004444537846388,-0.5662740155194057
-3.483986298016829,1.619691982328574,2.675469386441252,1.2536138066149718,-0.5989814662395379,-1.3438768986014686
-4.658729577965284,-0.22291481511097286,1.559358661179016,0.5110923172123275,-1.896940847647015,1.3473175190858777
-5.3516181149369775,1.0267578585937134,0.3249859239066316,1.368682421154478,-0.9186613510260107,0.22103689575321694
1.1708977789012949,7.0144865789378805,4.271861993673234,-0.3326398389286758,2.909444869625921,-0.38914740966145794
2.956301867143383,0.7064218521629232,-1.0423354415413275,-0.5221495725406025,1.4136356234479424,-0.2689429876073576
-4.975702062160603,-3.3862048673366343,0.4398384098723123,-1.577569980902596,1.033795748393132,0.9267816369888837
-4.0640256587383385,-1.2461661743138088,0.574477835753146,1.7053930736178098,0.6158644224303997,-1.5091338768630487
9.512669844164073,-5.603484192569819,-0.63723940227255,0.22422119533548274,-0.40654348097504234,-0.8366141414893716
9.00716552629422,0.5810310771498788,-3.1347152000377667,-0.8622695925197031,0.04572201258268138,0.7257740802956449
0.7588784847603055,-1.608532575615191,-1.515095714716182,-1.076060030891848,-0.04923460476309468,0.09433165021855622
-2.659359615353509,0.5399358008952967,1.7070147051154856,1.2017513117029093,2.3547418577232335,-1.0044058335319836
-0.39001898105547417,-0.9892423531307744,-2.5851692423976953,-0.7845271847129427,0.7343111794875575,0.18373748821370958
-3.8890655271876438,0.8160717108149613,1.0157172669189962,0.8249184556182537,-2.1335727615899973,-0.7937243729023524
0.36487615184028444,-3.5744612258973913,-2.2239785328871355,0.22316803620585754,0.7785309782314627,0.5102303824634316
-2.8358909181573715,-0.3987296939721405,-0.34744508866974755,0.8132475162778788,-0.039280665182907626,-0.6355225959654498
-3.310283620740059,0.15574119502187478,0.5414789425006736,-0.5124839091848687,-1.7878791136520942,0.6958503473699591
-3.357304402556985,-1.1037324234609147,0.15208980569991376,0.8281880231383509,0.7342592767218774,0.6926264828757633
6.523116620290731,8.011169611756891,-0.3264236968297177,-2.7717985233359617,1.5989318904375378,3.6721195316464956
-1.7177351761064044,-0.5431655273823308,3.2983752530304744,-0.08733074467124691,0.0841735182843763,1.005058810187032
-5.5657358989802646,-0.4778475788726912,4.1274627452765476,-2.3524907595159354,-1.0524610294123606,2.093502141514415
1.7796614892324394,2.776587169701467,-0.942762848363807,-3.074352191122759,-0.6951331106183047,-1.201365659613661
2.6114848931594143,1.561421709209758,-0.21818695313650596,-0.492775268790165,1.1043874072392832,0.005818636631539609
-2.819038509612973,-0.9701105668985407,-0.3825914381290554,0.4637905990806014,0.5517868656029152,1.2084609158278667
2.4984388777258872,2.2784828519758613,1.3194785745517508,-1.1808385504590468,-1.8997302918055896,-1.7001028432307381
1.2770271752984468,-2.443258964209249,2.466316986695629,-0.1298905612719638,2.155306138475916,1.2180658986215986
3.47319734285217,-2.2778489101622887,-1.2386840660308576,-1.1131409621168533,1.0092589742746458,0.3217731430554585
1.256675111984455,0.3823932644164762,-3.8383203828626433,-0.7169201331946427,-0.6511561259707079,1.2192628593755406
-1.4734313692185281,0.11689025666895403,-0.214667863126444,-0.49080885863936347,-0.7138417579362979,-0.5411873724463054
1.6494606959322597,-2.10229107052327,-0.975271590405693,0.18804368066875626,0.9168262039928504,-0.3297000820396978
9.036589480305098,-0.6551728250412053,0.22128007722808968,-0.7647306110996882,0.5648966349896594,-0.33223285014789056
4.5545900647834365,3.0866391562007545,-2.2704043030944487,-2.191119183517936,-3.4613551591768585,-1.1797141519055356
-0.7811899668986371,0.6528492587560633,-0.6436569971417835,0.21446824282715318,-0.43767990181256805,-0.16048948641941851
-0.22309260678304882,-0.7018214902708,-2.2707620395547847,0.9986315048593913,0.6464878874002621,0.04292907354905845
-3.4548953860961844,1.3069387228438565,-0.029264518058880973,0.3305037510422717,-1.8619115794285839,-0.32834037080658474
0.4465443964177955,-2.787707740802927,0.44438226967860045,0.4720285406238285,-0.5299896228803685,1.6565902549228964
0.3144382259629903,2.077560727844345,-2.0833118701179094,-1.0685397907201382,-0.21786954767564087,1.1898433988841846
-2.059191942544818,-2.4727877878451805,-1.4617188179661127,1.868081908500635,1.8385631284864026,-0.5250227424387234
4.80896924473347,-3.029102967465073,2.7440186758311245,0.2833636210649694,0.19396452228022168,0.9849838839916193
-2.99871052823912,-0.39677802817793495,-0.5964659383563524,-0.20804493753218434,0.5683597957800081,-0.3727861805161803
12.285019759541562,-7.5434101691029625,10.112423749713216,5.194270039713115,-3.8525069793641884,-0.8774985940350641
3.372196590650732,2.587825427489419,7.092074806332088,-0.36749473293814416,2.7705729883669274,-4.217768085904895
2.50876631162218,2.61464847758356,0.20638033580141948,-1.8947458431994701,-2.1247656284080487,2.4650746867068047
1.3180684765436321,2.154479501081641,-1.7866325778616494,-0.01016965928067444,0.1671523500570002,0.5690938200793447
-0.38875629875667805,2.2767978948382077,0.6273320755902476,-0.4297269957656391,0.11938018853896695,0.84989378934701
-2.7569329912569747,1.086834685460048,1.7072381595234185,-0.5168313748557044,0.8070227022248114,1.7854864178577714
4.943581014507581,-2.8483244578025513,0.9138788140675576,0.33518400918803853,-0.4833259386923535,0.3553752835442688
4.298077329827309,-4.66627517913396,-0.006841008677717114,-3.6533849040237603,0.17870295116623378,-0.9138734979094387
-2.373501801973669,-0.7334025640511742,-1.526027488512755,1.8533295913826484,1.183118026496681,-0.8578712370469348
-0.9671903116024315,0.43843818160139897,-1.4476962673564553,1.9903614242740826,-0.09396609014829647,0.2930129801628606
-2.9757987879404992,1.8109737757053612,-0.22343526911644707,0.3916352011269738,-1.5293707917033863,0.04680177008310579
1.8032470204679363,0.16646095716003778,-2.6285995652788734,-0.6437414758357402,-0.5218823915670588,0.5697925079569272
-2.4783595123729185,-1.418576446816358,-0.3165332423178068,0.3285027383407278,0.6620126095076596,-0.4467462693673951
-0.8260392924374816,-1.2502474730801065,0.26796072662712245,2.3106264585255887,-1.014813612638949,0.9016298669108898
-3.8946973283389585,0.5385707444623345,-0.8815587242932993,1.0387999962026788,-0.8090288902449403,-0.6909989521375111
-0.38957809021631473,-0.6144154700821763,-1.3528692466642587,1.175192315827153,1.7898932650543973,0.9602686665349026
-1.4573213567972925,-0.20172675708569715,-1.0988787352912806,-2.005774966007632,1.4785622052897502,-0.08537969380712104
2.755568001153127,3.4657736039005376,-2.4740508555990974,-1.0082788456545753,0.1551360000906998,-0.7014086450284129
3.257254673475474,-0.1252004918191576,-2.896097453843964,0.7495901113094349,-0.35285549231237245,-0.8049435247757738
-4.019140240565206,-1.35424738091714,-0.36047271424869154,-2.6357977641322914,0.7352450351773466,1.5182777508858776
-3.6764132931678457,-1.2916290603047473,0.4246103065648977,-4.601709856228101,-0.7409091947336234,1.0397368080156117
3.3163241134491726,-3.9391522594087283,-0.2054536820575272,-2.118223639618345,0.9699807511638454,-0.8908140633351588
-4.036607361760863,1.162546108149606,0.1897478274897535,0.9405169941357844,-0.5655988736706998,-0.8067384920783508
-2.334233350229382,-1.3489797322105672,0.23268701931267616,-1.2129139103403295,0.051574863050353977,-1.2367192567882321
8.403847113458674,-4.153904776693063,0.04696907437981863,-0.5518427604236851,-0.28808036587771557,-0.5070592244083735
2.647568633086924,-3.951172951680713,1.3718813329942345,0.20781926078709467,1.405054108681052,-0.9045131005982622
-0.6817688659212603,-1.135991130560637,1.2336664713908245,-3.8645001396459375,1.428352150474473,-1.291429226954867
3.350295790634324,-2.154570026638237,-1.1089437211490016,-4.3490076868808165,0.06238442750360075,-0.6857157919227553
-2.227720518820508,-1.2149996867621597,-0.19241377504383686,1.4712781351442532,0.019715155315368244,-0.05893759672115291
-4.47758465573138,-1.741129362409185,-0.8882070877257483,0.7646525405313613,0.6051400282564836,1.0045710967389332
1.3226214188422025,4.789476583667333,-0.6625351242718878,-1.02119579882844,2.150024441079126,0.45044818613072657
-1.8500898601406863,-1.5841281496634134,1.2639172256131577,-0.8021025999459278,0.711411600996749,1.5966136461816958
3.7955656418250014,-1.0262326419031025,0.8986356362886088,-0.7604604526363454,-0.7578474814725132,-0.5227297506614771
-2.281318099238308,2.077685979573984,2.430649028986561,-1.1860598159821354,-2.8590033299705238,-0.9990288755254192
-3.228770118277833,-1.172073478640784,0.2646643304109162,-1.0029445715580778,0.8944676223820511,0.6292251327203562
1.0259007876513018,2.3612619441218152,-1.6168855948972125,1.1459632443936438,4.144478494067766,-0.20752906364883297
-2.582555837283654,0.7292131142305173,-0.5481427856982669,-2.332079176877273,-1.8352649744798155,0.14016641924591836
-2.4858832255072563,0.46059640274200153,-0.5989203397564031,0.9987176318673073,-0.43032384462520346,-0.3796216429137451
7.14384203905266,-2.0748422326399854,1.0883873366375316,0.7163334962334107,0.819901007576017,1.144548187324507
-3.0324811407728904,-0.6494687998599009,0.31068266722116045,0.5802824999116173,-0.7328848894847481,0.5720082269412643
7.08501064879137,0.5282231714363548,-1.2799870452959081,0.6515632977756529,1.8538247483223484,-1.8113001640958992
1.3140990035970488,-1.7754258311548003,-1.6726317659254075,0.6946200212137602,0.1128106904915029,-0.08752893119073678
3.711649514781506,-2.807477110760485,-1.7561936110814216,0.9041052326760717,-0.07098602436144746,-0.20618876996279187
0.46047909084714866,0.39416628855176983,-1.0046985451474195,1.0753882429558526,-0.42753480002883565,-0.09140703764240343
6.392649920534901,-1.8230941633341518,0.47984972699832196,-1.6964609895514366,0.5566773522098034,-0.1067724126941262
5.255544949775707,3.8945309899708525,-0.8338534455514851,1.6816008353035532,-0.7843269175934598,-1.3870887593469448
8.733861502951777,3.279877375107728,2.9036994668715357,-0.2771881651847568,-1.0618468350697259,-0.567691494307745
3.6913178802267903,1.065646067592678,-3.515589045610465,-4.773197010157838,-0.8024841229008097,-1.1415914507917582
3.3782508726948115,-3.3712278919591565,-1.7667777542007002,-2.0779569700316816,-0.5977815092030695,-0.49078185870865537
-0.8402096538349928,-3.5000850322735326,0.1824836532632439,-1.2425726973526667,-0.10851731874516433,-0.41699980176233786
3.2843726199712378,-0.990673200826846,2.5543863931538526,-0.12282697553961072,0.35083792258201996,1.4773841558788294
-1.9087689281369324,-3.1219458054296787,-1.0630561128873484,-1.062066917941105,0.9572965577031667,0.32853520110248635
1.6147819253540596,-2.4745733477629783,-1.9911347829597736,-0.3790911669711212,-0.4432486909291763,-0.24436673048962831
6.619726346836813,-6.003276417623143,0.9893777571087802,-2.886757589590585,-1.695383874922052,-0.799672953040549
-1.4646759334595243,1.686631814186544,1.1699058707659424,0.3256622424821202,-0.46487328900358965,1.2484190024339037
-2.012152428518218,-1.1034865581667233,1.3380240798440721,-1.6156796349396183,0.691720786763541,0.541190194683366
-2.284340252070662,0.009493639207904081,-0.4504395419900941,0.2957797417750138,-0.8038675309645433,1.7790189619783243
-0.739743085645337,3.152520605083402,1.4698578472010722,-0.3148936222019445,0.9476893044900705,-0.5314411369513659
-4.506562510681401,-3.169272587863276,-0.18806158818445418,0.39116006428708033,1.3852066404145043,1.1387789797103727
-3.1587543014085653,0.410301795040825,-1.108817204083517,1.971618830663677,-0.05858709431202008,-0.2824145867061489
7.676149471671065,-3.0753063040903776,1.4819594121868087,0.5524018686278903,0.88620530916518,-0.0825275853668681
-3.6391359671598975,1.5895870640621481,0.7162798068481517,0.6703852396601676,-1.5773311335973699,-0.7452729390529004
0.3373454926454643,-3.144373457721684,-0.11572148206527592,-1.8152952810990914,0.03529313510126256,-0.7162118668578548
-1.2765833791497319,0.8490529832663862,3.0700681534277727,1.1664974834868278,-2.678124218697522,-1.360509055679906
-4.3460140542302295,-0.321978056818502,0.38847470108840093,1.107147237679373,-1.503332722283322,0.537792188700419
0.01743079148902338,-3.4593432912783264,0.30692080105751246,0.47556990549728617,0.4007365523686125,-0.15690748495148282
-3.4924260372871503,-2.634082400744445,-0.07218764207463252,-0.30797777057034814,0.5250156959068607,0.2333898234080063
-1.8665488536844457,-0.9020642096569156,-0.8711686905993259,1.028814473317223,-0.23187709589662836,0.9163084355555725
4.9602681178275665,-1.3411230473394276,-1.4570533338937577,-1.4681981423768464,-0.6124601113218217,-1.0858063331742207
-2.4707226852223365,-0.13802626440935617,1.7948853025722646,1.547627169435187,-0.6973621347480758,1.8685773288563816
3.7850601029219635,-1.9019074161696408,-1.7442419022761433,0.39228461792015545,-0.33927966881558685,0.12968404314834006
2.6372557772728618,0.5771549957933849,-1.9946998250428998,0.27254914938828206,1.1967680244792365,-0.4878625914131414
-1.3726850236665236,0.0058054614153119355,1.5492892154779805,0.5844391532119061,3.0048784772568657,-0.0013724690434355133
-4.138882573257883,-1.3765082403732176,0.8780486011412829,-0.05985624812599197,-0.5975966596217317,0.8320962466047435
-0.6869402913924749,1.6950096247184339,1.0262128442792244,-0.8754781968686343,2.1746756482281273,-0.29678819008467283
-4.312129582743628,-1.9784861330219445,-0.2513064864332917,1.5749111494342571,1.983411162264254,0.468207449330649
0.40330942137513004,3.7234340037216542,4.586469000711702,0.215911193416379,0.8078009406755771,1.8261264616903266
-3.0036057953221844,0.3541602275017104,1.2340149771419868,-0.7174567786988173,-1.3125622155325143,1.9968669526392762
3.134008205427184,4.273459559212229,5.866279521450019,0.5965830422961897,4.201028161124516,0.8712709098771229
-0.4178368668826848,-0.8085765709701318,-1.0932914829446538,-0.08972977139379334,0.25706919013139606,0.2455890269648607
-1.4202231350812369,1.3939781131197577,-0.8369868344228985,1.1054451380530195,-0.36440063543070594,0.08946609408594841
-2.87058834778937,-0.26864450891856395,-0.46898725696962246,-0.24550357073848308,-0.5579192342756584,0.41445132636189796
-3.3658457040712313,-0.8076006153380917,-0.8070794148352259,1.6636859996442783,0.05058622595631149,-0.6566330166748082
-3.3150001548355847,-1.4421762294622817,-0.5836326026672758,1.784930840046863,-0.01927252321223824,0.6299781430430206
-4.769710159701062,-0.5429618595998724,0.893868000605662,1.7310613658432537,1.0017126478984995,0.9637677047228601
-2.385882758419366,-0.8241155710125011,1.9839634855243953,0.055255449438798385,-0.5057284652938161,-0.9895635112419002
-2.7870960094307655,-2.533034002951584,-0.8840343987097394,-0.25967465499651454,1.6478326247429906,0.9434646377006797
-3.3938417715147304,0.7539639567501899,1.7717935575636294,-0.2766733073181913,-1.0859030042579165,-0.02878694552153785
6.590235943347492,-1.484862450154515,0.36133989855084214,1.188446172357684,-0.12091106133298928,-0.8927972907361633
-1.4553305178966993,0.5919428677406741,1.146340384941205,0.0790172922197058,1.0877387900023667,1.0579796527899124
7.182933102087759,0.055146060122163054,2.012917885874265,0.08277611115652037,-0.6657818028011566,0.4246033918633182
-3.578835403446454,0.8915829915917891,0.2614874043786424,-0.25409575115032096,-0.5995934231588134,-1.7658712048593277
-3.0570326418740077,-0.1792133862496993,0.6217734460232632,0.2613983773240463,0.8967351115199549,-0.5245687865210603
-3.0744358315619875,-0.306058435391222,1.2592536577309184,-2.208626678122664,-0.6064117007228561,2.3580673507238514
-3.8535397332538177,-1.524726422682832,-1.1445096453821877,0.8150505472686903,0.49305148831997264,0.28760526042246953
-5.390256393774902,0.5562555046737403,0.5600700632460929,0.4718553823010379,-0.39979827986275107,1.4766593361809148
-4.657682334494654,-3.065387433680729,-0.07600910994982252,1.5085163300235374,1.2728154220886343,0.5556950533660543
-4.02754238810759,-2.5429070434956085,0.3532171290974819,1.5143875019678594,0.667498658035037,-0.09625758525176882
-3.3478219416104755,-0.0685630477771281,-0.27019328866795955,-0.6276363335216186,-1.1256875342835262,1.3499857378545634
-3.2998420114685487,-3.1387093941933704,0.14889237099229122,0.7424907357124138,0.39445081764427364,0.641273005318133
-2.136404142351118,-0.004392848644848089,-0.05513895702322902,1.7881128785624008,1.3004454416417128,-0.06311758647601232
-4.038017141736987,-0.24069805436730873,-1.3281267497543194,2.4402322582652833,0.27738929321615513,1.6936520918876428
-3.7654145532553054,4.398200493015793,3.950207839332026,-0.3072682864154955,-4.789656380860836,0.9662756338673967
-4.871239383481205,-2.3392147874048437,-0.16829482789785888,0.6948898408862363,0.8209388525390926,-0.824492020961124
-4.74724851635417,-1.7984019755666418,0.16972019754995982,1.551610843699482,0.5351374754791756,0.7915806671427458
1.8953162763184324,-2.3922380030245214,-1.676491300003633,0.7120282336839782,0.3834019130525968,-0.39242282871244566
1.5729311406094442,6.5090993067722325,2.167158980670726,0.03007588939266631,1.053411164162595,1.1089425951550744
-4.026620252657895,-1.4022064622772763,3.18649990252143,0.019552276103211266,0.17964843186245108,0.9192953273555273
-1.2948661700966524,3.4708086393974362,1.1095279782131013,0.7666793536645923,0.2105102233638874,-0.8404568091928336
1.834840467148124,-4.3215229644830275,0.3166853298828395,0.9971895512712222,0.25468864135037117,1.6548002363149543
-1.8103805588917086,0.39620730228686074,-1.2303341225572522,1.2766563273844906,0.0070768115134167715,-1.782407803558927
7.236485314390063,-0.035701797022650694,-2.841066628201905,0.03864183195176012,-2.454736436428031,2.500021279555169
-3.1456501885213908,-0.7425265419956291,-0.8623515064701487,0.7551636546336951,0.300125000788971,-0.16553729518373012
-2.8872680582391976,-0.46473162454984546,-0.4757433377015957,0.7623019451994575,-0.8532163748069798,-0.3062886106701472
-3.1496539838210604,-1.7712483965310883,-0.035833687366482014,1.5072396430926704,0.35330420683523645,-1.1630167333351937
-4.628379483050157,-1.8356183618798514,0.06423097214124945,0.09419314019083405,0.8004591716965082,-0.16962047092481455
2.2505103740989822,-0.34853594035829083,-1.0647508690302492,-0.23175940642468007,-1.004500706567417,-0.8745519034983423
2.107801227877855,1.121973943446697,1.7751582214409496,0.2626752976404118,-0.9608109054187801,0.056849866914125774
1.7859499803187475,-0.2692216356425631,-1.7225153359635252,1.032686953400961,1.1851104109471318,-0.13047867777898425
-0.5276966173999738,1.2658716231499987,-0.9204411169825347,0.42947157102425915,0.5607830604797698,1.2521713502010996
-3.2135009804991195,1.1034431416736663,1.611981166879167,-0.48643346513435354,-3.4592498910142138,0.8597650517743878
-4.386422966518572,-0.7611037295622564,-0.4005974207291505,0.5868569424657851,-0.3765791940897091,0.535766230489881
-3.8100178698307126,-0.9099185548739931,0.44316767940841817,-0.9504232006630519,-0.35163601897277896,-0.27774448313482064
3.319673971518985,-1.5770528423483432,1.3607285014862738,-0.6941431056253123,-0.9089303837359045,-1.1722173290023339
-2.3932759643267527,0.990030777496693,-0.7575099493707832,1.5549829499904297,1.4314581655356748,-0.3431906348516699
4.680166262402559,-0.9685929540621976,-0.29127225740530854,-1.074272351201698,-0.13255708839395758,0.5036913733751232
-3.0676951406062063,1.1358375685162114,0.3746225461123782,-0.6268540143815386,-1.4436940604390371,-0.19183709022005757
7.353218575026687,-5.2426231425259715,0.3169558172223089,0.4320397346315988,-0.7060339427895861,-1.2631862975264574
0.2953131832492694,0.22693503606984275,-1.0894165943527307,0.9474227435573954,0.7290947577720677,0.5800102998923442
-1.9389694969469526,2.544988112475347,-1.0014235321174456,0.025739851059558387,1.2060991694718142,0.7321001648907938
-2.077178921430581,1.8065194888201157,-1.1670794202267791,1.1422298782491782,-0.41357142719629936,0.1182372104736969
4.975162358414026,-1.3325721795600713,0.8709775698357152,-1.2921311844848098,-0.9619688813564176,2.5813129933402883
-2.176916879582221,0.9589112592424789,-0.23426487162760345,1.8544727421896081,-1.4817807797261109,-0.7693429329614472
-2.4315514550085835,3.447203866737297,3.4569448426100284,0.4936599532046071,-1.0457570468486428,-1.0088398011705122
-3.3679657788787436,-0.562928897660437,-0.19257365386271386,-0.5703792683764223,-0.3517286285689115,-0.04026296129223293
-1.2065977905116554,-1.3170443382691757,-0.9307408064181821,1.704789910801964,0.7187197261533415,0.6381882018731002
-3.3260792487104553,0.47517158166794426,-0.8982857414424631,0.8134878637576325,-0.5853794547445795,-0.8823892505122445
-1.9287954022327467,1.461469797425147,-0.10064251098760338,1.8207642944731306,-1.9359411713171957,1.31428322420251
-4.041835089955007,-1.3569174566930848,0.5383416685422208,0.8339119126916543,0.17874707024967113,0.9917099066275737
6.182283741690409,5.108005449586348,0.521140584403763,0.9407391856861163,-0.6065248323108235,2.461594677225527
10.934298158424602,-3.7032540803852982,-0.8916940718844624,2.343507566013945,-0.48878553554590826,0.19643647980596934
2.118496931928463,0.29662906955372675,0.8674853936963686,-1.4502873881175216,-0.5395103929180832,-1.7333730965348204
-3.0121949701595403,0.24375997578325634,1.9837330379250022,1.6797256933772937,1.703673910337058,1.849805393454374
-0.982648581269426,0.7972523938632523,2.3694211553046594,0.1569226342773602,1.5464297312803323,-0.253322618819399
0.3578938625176201,2.127838632032087,0.70820904001516,0.18474479561595702,-0.10256994844328983,0.563198543034247
-3.19391786550549,-1.8491520732687694,0.09939835102886446,-0.022782506158191586,0.17900226835423255,-0.4928164969178029
-2.99323330124468,1.6313922058673493,2.556717907677489,1.3458871528234628,0.04074034936139614,0.6169898632243568
-3.1939141504682578,0.579339442038702,0.48976421997702274,0.04459417469371037,-0.7236072504386668,-1.037397602097552
-4.591961853505569,-2.7611270972578317,0.9805426284706422,0.3628384605651862,0.2200813209248672,0.6905042128653919
-2.4859161544130615,-1.188939404377891,0.34877678978420235,-1.2562918595688184,-0.12939413684274131,0.5395823813832754
-2.3986653462111343,-0.2507447903104696,-0.3271378041825352,-0.27737289713626245,-0.3548145800882476,0.019373015340146224
-0.7796151997476337,-2.1243434274126614,0.32078888828372,0.0792489266597653,-0.08581007585162073,-0.8931304901588216
-3.139988425753495,-1.4880221619192542,-1.198878488335584,0.4534493946430231,0.8409019633577554,0.322917324256645
2.73501177167675,-3.9451682305547444,-0.017169486785402116,0.300110765165881,0.28326712664329035,-0.5773144845425195
6.227025988689352,-1.3901096910535202,2.7342371907315384,-1.0931614800655576,-0.5826581719849133,0.9889296783477248
-2.22377574558019,-0.35716071073996236,-1.1016823282858497,0.1862226959654988,-0.23927492750300028,0.39849098154712687
5.307140022000156,-6.723414983496451,1.485664850042879,1.776510728378573,-1.0735537547743375,-0.833077151000502
7.248001061272038,-3.6554691295002852,-0.15570199900725198,1.2268287555263693,0.297590079126489,-0.4783436703521114
4.207220618955006,1.1762428818387038,-1.5900181863169751,-0.9788433512636496,-0.11758115279489663,2.6701704239626354
-2.4996363741116676,-2.018535626815168,-0.7312745962214975,1.9850232843928342,1.1359555455172987,0.6178191491021937
3.6350149466829023,-1.9564409103461788,-0.8287751358799624,1.37975257547453,0.994420930120232,0.2538550283475836
3.519248275011582,-3.858607120017222,-1.0225290598069159,1.3841432985896254,0.3206641953988267,-1.0310281049867234
-2.6149483072393176,-1.1024744594277447,-1.2407360032182284,0.9094764794547375,0.37848073026254225,1.6188669562565
-0.09610811657401058,-0.1298475829721758,-1.6714641088291742,1.5274767046874635,0.4030674006457356,0.7766605879962777
2.044856934567568,6.426819839176357,1.2741212486019533,-0.1097414840379667,4.602716484727971,-0.06264288753580596
-3.066749527557717,-2.1820956997612058,-0.2790626702206196,-2.9385573901546462,0.4732345249569271,0.04897990244182418
-1.6035864433863671,0.292596222464399,-1.586225431616547,0.9096983474137265,1.2358691778900859,1.0351625734151237
3.765932154104151,5.985295348540481,-4.88036114775406,-1.1208727074023557,-0.5642370502237488,-0.9324416531804485
-0.9255666032092491,2.3024814304263157,-1.5961118580602804,1.6762383769189289,-1.4269863151001807,-0.4136025194191832
-3.28834959410295,0.2013113365433576,-0.6277562825394816,0.6128346781210134,0.1707682101006276,1.5132352236173174
-1.554852149654012,0.9798577294819492,1.1965597977310432,-1.7751769812398428,3.4991253412292678,0.3122339540705049
-0.3987799175788843,2.1612126916939998,-0.945605018721641,0.37248102326895133,1.012650686503904,-0.5361617071869451
-2.3005678213345417,-0.9320775839844645,-1.1299532636492282,1.4523765686646217,1.5556403135931356,0.5146557599772633
-0.5429013641704257,-1.3170679100576412,0.9957545236543734,-1.484875402228093,0.20297802849397995,-0.6347793558658424
-2.058819455829714,0.32043514579550547,-0.12245841210137609,1.020859892108367,2.0791676426321315,0.8376368101763696
-3.424518055229444,-2.4455184119479583,0.04504874881228371,0.7861419100074529,1.6031822750596856,1.2707485898906419
-0.4724065518538504,3.702829438651067,1.9537848871929002,0.9963165739592839,3.8143960127104464,-0.904076790791571
4.703500731703474,-0.19595575509136426,3.7570329462694323,-1.0042276832747743,0.32865073183059273,-0.2525827161017973
-3.6433802386158587,0.7868599164992576,-1.1621457866063571,2.0988749237233963,-0.42406798132614254,0.15623064805267453
-3.594689343589323,2.605087216633146,1.8520296359386719,0.08988542366748928,-2.4425397714208414,-1.8504750690874088
4.149097342448497,0.7674888443281254,-0.8879746993222946,-0.00836955646654615,-0.6049797558603818,-1.0170898978909995
7.672141552626061,-0.8604841506925205,-2.153650125133023,0.2547233675777433,-0.23647039195937775,0.4860740750870653
-2.0103794137584834,0.4296895605887618,-0.10408881217162358,-0.1602920604380705,-1.5095061146280997,-0.0767063628635054
-2.9208334948372974,-1.70047247494112,0.29572724926045857,-0.4141768876504955,0.36391986173753665,0.3868069849027518
-0.5007378002673305,0.10673146476729216,-1.0287479569502043,-0.30488471962469466,0.13912107561692144,-0.7447844481805458
-1.9114985749248394,-0.6513938797613048,1.4502884912286718,0.40070304564781867,2.06300243827054,0.20388067575414512
-3.785099227795529,-0.32614636750819803,-1.058080198129392,0.6060077529153578,1.526155567311217,0.07310644320341872
-2.7083939682139038,-0.21966574163188077,-0.3145047495780866,0.055252911842024334,-0.048254030701244524,0.16910298105158947
6.289673469535157,2.036547397139168,-3.1820822650065264,0.15554353305623406,0.20248904417313118,-1.2579857960584078
-3.4307706912415297,-0.9926100346615851,-0.7316945946780407,1.3437229223434337,0.23583919339132386,-0.691803818619411
-2.0013884663905332,-0.29332646328597456,0.6192038897643737,-0.35251174579951006,1.1648198758161603,2.4301146184713254
-2.473293094286099,-0.3350470265513811,-1.4823620292335986,0.4652374526736792,0.048992685338265306,0.9379162480757816
-3.647257746393026,-1.2413651252791114,1.3866245342527828,1.6139593525290066,-0.17299141176414773,0.5970634802435103
-2.346186850942568,0.682741316884999,1.1327338899122588,-0.3031037336793018,-0.5416756694589621,-1.4185259677366633
-1.14299692654655,-1.9621714940903712,-1.2407197008533513,1.4790765771860166,0.48418248421595195,0.3043702262914127
-1.3508573033333093,0.3695739021000355,2.4866756574269924,-1.1407176672122314,1.9058645691528222,0.9309493842765131
2.7633707862900736,-1.0786335090303256,-1.1796239442404888,0.41415907290343995,-0.16461155000760316,-0.45916410200266233
-1.9693236050396337,-0.17584850823605797,0.42073137781185754,-0.7863120089165365,-0.8612524608493956,1.5866875708256512
-2.9311870554449184,-0.49485622878953656,-1.0170708880385735,-1.6864230216032714,-0.5657301245003014,-0.46892808324830115
-2.926374386151226,0.37733225716805907,-0.886793837567665,-0.11534487333223233,-0.9856802268322234,-0.3344560426938333
-3.9961882774110062,0.9598560898140955,0.20440412857243956,-1.5102303031896394,1.709248455971234,-0.28569626946504867
0.155138059470881,-0.43800822837737186,-0.4614456982248649,-1.454533098832513,0.8558402360844132,1.242874688779121
-0.9340908103722314,-2.1059455912382665,1.4329170266653548,-2.8942616612079797,-1.2754158578406403,1.6266920575380301
-1.9296217302561838,0.8924666901534037,0.04234474863132244,-0.558884302892664,-1.2803302218377515,0.11682951967268555
-2.622338601702759,2.5021016178843647,2.434999498624593,-1.8780131574364574,-3.150816671240823,-0.7836539550599434
6.003616591374066,-0.09102922226880406,1.7112016687253737,0.9473749075770193,-1.1750360705834084,-0.8562051826200768
-2.9218778045748293,-0.009212681072223755,-0.9013034821624194,1.7913285529740417,0.5769796653358068,-0.23980992167404097
-3.341944803948563,-0.022224730512401925,0.5033012007730369,-1.1422623206168128,-1.5647614062603923,0.167757746181537
-2.0149150334108503,0.7784521312708274,0.1255787939360079,-0.6597357741885674,-0.02192974953186196,0.6893207533092078
1.9884621055525873,2.316048053957721,1.236303942456337,1.7697760798282471,0.14399576871421807,0.13359584687396675
-1.6696039306020674,0.8623188527311952,-1.0103061717984814,1.323895215527608,-0.28156781698201194,-0.2393965440175416
-0.3711781135187864,0.11361265869995191,-0.9983635754743817,-0.1553698870326191,1.475955727742085,0.4759621239525283
-1.8489599298349233,2.541229649011166,2.0053476105081556,0.48437201671265423,-3.5086454903456827,0.5345343489046255
-4.703042202112005,-0.432302430680104,0.00530508793542199,-1.3706086352304596,-0.08509956787699284,-0.33007384418149877
-1.2831871507852908,2.5509093101917766,-0.08386034574105816,0.771512251353787,0.5569105399364125,0.2700014712091896
-2.3142468193061916,0.40203147737530276,0.2746231962986193,-1.670463180137074,-0.5367110678796944,0.5083749001238466
-4.65908517641125,-0.7822987564523066,0.19212192082400056,0.4936819093890185,0.536122131199741,0.22604179589582227
-3.943473381735497,-2.0300162870305583,0.6917357216151433,0.5134062433034715,0.3401145696016405,-0.06509737100822918
4.9498584615503365,3.0060641291715458,-1.7540716863100432,-0.6723605189910281,2.8647737796351205,-0.3070810617119911
-0.9158035193293081,2.479013128590678,0.36260668655201844,0.26196652943666787,0.1384717212473556,-0.991235945618692
4.549111146626687,-0.8160005054393359,-0.5187550851347532,0.9163397770375434,-0.0714860021753404,-0.9308824961226088
4.442342818131565,-0.9924388979180235,1.4423190858232087,-0.5750345943522017,-0.35759001151499253,-0.029967413882630294
-2.19498430102051,-1.805353237740935,-0.4351094054571897,0.953943065619036,0.553800413780933,-0.16861153726970982
0.6644409146901273,0.436860855723774,-2.6807818779148347,-0.7292266208614916,-0.027787348341193882,-1.0820506089229582
-2.240876053642327,-0.4545895114909142,-0.46552758819979245,0.18872466347476993,-0.8282932300147152,0.9533192208677033
-2.1251804369196203,-1.1947969118309727,0.490371987446489,0.8553963517545484,-0.10593587745676708,0.19534268732944432
-2.6153174112218665,-1.8320604326116152,0.7643295557392796,-0.8231658582385578,-0.3007872535353664,0.08993779761435998
-3.2109679756621126,-2.2351427041575387,-0.16622442943502125,1.1300578016173088,1.2601888018450835,-0.10359134363521483
-0.30675039870927434,2.1849988334569024,0.039286242831803736,-0.4864556320846571,2.0894499991781506,-1.1041434441615305
2.4723569167725703,-1.4998247515865044,0.5914532162215032,-2.267351499276111,1.4058401942269358,-0.9648580128718498
-3.4547183721106776,-2.1364615483211407,0.19716267074002103,1.5341768909012181,0.9428752553900837,-0.9371162579603654
-3.9005268480565096,0.7307759701164956,2.136071102723869,-0.7811728871813706,-0.8325515276548043,0.8978209903840899
0.9817275418967341,-2.2104299471784623,-1.6999192300398929,0.9709720204304575,1.1832582664697389,0.1436529156564459
-1.2572515710220602,1.0676915148869421,0.2594752689208561,-1.2417521394390407,-0.39321580090050806,-0.6997706703707143
3.2454136489043544,-1.7783586323786793,-1.7931536734664846,-2.485059464695449,0.5503521007686801,-0.5986125929330084
-1.5572194125353318,-1.0379271064824689,-1.3012450794194603,0.6216725988007684,-0.37935343390754245,1.5356984069716306
-1.2492580966971618,-1.5888387894273328,-0.32641344119377613,-0.9253221277101275,1.5353498534229024,0.012065139040878255
4.331653344534508,-4.049332418253323,-0.1925055250314656,-0.29061346217934353,0.6108408382186956,-1.4235882562598505
-1.0774513298956891,1.8036181633019746,1.7810416314827253,-1.6289522548957522,3.741753969200398,0.34243479374074764
2.51175310226192,-2.5288075834504453,0.7982023060546415,-0.8236745799051642,-0.4292639759649144,-1.831534795860451
-2.2170923054486753,0.029891288155018323,0.6364601356714383,-3.376701148128934,0.479994745200987,-0.4846462830542607
-1.1738306467789923,-0.47483950502528843,-0.48157091200028246,2.1439593854928205,-0.2433005202467256,-0.4828604851547228
-2.836301444334675,-1.0181258062460534,-1.4866300028183432,0.4564056688512368,0.11470502089819909,0.9738358340937305
-1.857085898874661,-1.5713931191231514,0.8264827441622508,-3.9302494750555974,-0.2208266585340537,-1.1998402417145841
-1.3286143729576996,0.7770956605487869,1.25675822954444,-3.785543609638475,-1.2450630221528962,-0.2256243763506516
-2.8027713567771575,-1.6663016341706052,-0.19401832609648872,-2.233107419070016,-0.20524666844362593,-0.5721716840005934
-3.174568796765255,-2.075733619283717,0.07490026940379851,-1.8698290295843683,-0.2093267744395722,-0.48256579850231945
-4.087077360933535,-0.48471007923278164,0.6313640092478858,-3.40273284953394,-0.018224657613130288,-0.30982119693355215
3.475493748131176,-1.672884391243088,0.8568267995874617,-1.156767877787628,-1.3825714459166452,-0.9999209148169658
16.31923323102953,-7.775852803986229,6.235415554899253,2.3280731809723036,-1.7094559006316714,-1.124821091301822
-2.5601150180169805,-2.494045447529026,0.1703125873107821,-2.1097565825369227,0.9792388384987156,0.4887552033577842
-2.968888795919334,-0.06884713553879704,-0.7784115643024564,-0.046666816878359385,0.22820691513382393,0.3448925491593662
-2.7574304510239194,-1.7939187678715145,-0.7578141165054556,0.024118274570505777,1.2839124529881714,-0.6588324357973203
1.3703398754441924,2.110011348874127,-0.8537202489499602,-0.7237684326434374,3.8243791432178718,0.2234200718369167
-0.4176644925534094,0.11651969705826709,-0.5361425953094267,-0.36419906422061005,1.5134570950537378,-0.5557006577473842
-3.838398622983046,0.8991786486718726,0.7005639513337666,-0.21993976923788525,-1.3371628614438156,0.07674464061941255
5.930964859582708,1.2282966823211638,1.7215877558580912,-0.4735822665429733,2.8835393653160284,-1.1002376763400694
0.6454786474869222,3.4260114209500343,0.6082849584556792,0.23448622798952318,-1.2096985665569047,-2.4278513523369294
-2.6838464009796277,1.4435555289806647,0.3394035000460266,-0.24481701323541544,-0.7926918512756771,0.9256296957210801
-2.0416640521043457,-0.9032559295539364,2.8432414089373244,-2.8858314294976335,-1.016709472437793,0.10446029211206849
-1.3992963501099418,-1.7722262455226632,-1.479561562034025,1.3081089965123496,1.8053147083314331,0.6154642945220501
-3.536415295415858,-1.246854153593835,3.3854111261866344,-4.6660509654136275,-1.875727862554955,0.8903974888617083
-1.9905294465883052,1.8994625505256135,-2.0309980804931236,0.9119054735579161,1.2315544231203006,-0.4196279640544182
-1.9981853671294636,-0.20637113650530964,-1.6413250730467173,1.0392104951831123,0.9042109632691453,0.3676287852544874
-0.5206581123165638,-0.9733678107102892,-0.3241353805297296,-0.5439993683750118,1.4294366986520546,-0.04919903964767456
-3.1723704882474517,-2.089052298073945,-0.9788057326791759,0.38709710775539435,1.4194755515709445,1.3383653810878797
-2.20271018905507,1.2860393185775298,-0.8873992161709126,0.7011030539012569,0.17982111339180235,-0.024052166086383418
3.824433042940963,2.305236316400931,0.027546193896528404,0.6702588840983629,1.2897652205114403,0.8090947303688119
-2.9854846903264556,-0.6733392442100932,-0.5904898834237748,-0.5943502850195252,0.46196929625376937,-0.5454030527374855
-2.481055107277233,-2.3639587605698478,-0.4326145672816448,-0.38346967524409425,1.0381213960785158,-0.02046698232431418
-1.2721114612782174,0.509833848302364,-2.2389916786680106,1.6723763793086497,-0.11760644186374325,-0.015478825488315966
-2.235156888077334,-1.2987044937464507,-0.9014368969089808,0.434094117037733,0.18292601522566865,-0.16343267532226596
-0.056183104311958235,-0.2273833929120825,-2.2555156524815967,2.710600431160613,0.8017853748536156,-0.9605696666828779
2.3173906062818985,4.389134334859187,1.7784111294103826,0.9694155936628807,2.645376557437828,1.5571170779715606
-2.284331260852328,-2.4668407563910364,-0.8211884862595312,-0.04080319837294423,1.0927813139483222,-0.10101400723196773
4.754614870666692,-1.4894235602753565,-1.2537511042977347,-0.05258700580191407,-0.09662472391648283,-0.35537296841148497
-1.726310917687461,0.9981778353615005,-0.08023841623669402,1.0646470601907165,-1.435617035506843,-0.8660553711706659
-0.7417817670599374,-2.452034966306526,-1.9977099436956278,-0.4579397572419688,0.2612910246410748,3.2035583170162836
-2.8943106610129323,-0.9779443191317083,-0.8056442403452577,-1.7207792572349894,-0.02898353314236772,0.21190409626139553
-1.654521845919874,-4.555664122492011,0.7523230681079329,1.6483228223109494,1.403072845377665,-0.5534032626807515
3.1035197039290763,-1.2361532114048515,1.2873550794686348,0.6086489100655628,-1.1222599178178276,0.9300495807819243
-4.064270597764136,-0.5609542218264989,2.1766847998818095,1.375868358119514,0.19946514408987615,0.5647367123740947
-2.793330657463113,-1.077888133084584,0.8445421135518025,-1.1102075500483155,0.0048696635497192525,0.5656033612336567
-1.4749199376093207,-1.591094201338526,0.319991444554318,-0.7988321504478112,0.1580575727870836,-0.43806609050376105
-0.22939463704261395,1.5159034179696242,-2.216283006145182,0.5555697433688923,0.2512018695540109,-0.602560525038262
-2.5532584076149782,-0.7639004850759814,-1.6094031172857413,0.0599278662675833,0.5058450352261155,0.21379706882148453
3.7157051034646003,-1.0586862195869073,0.5219535624530989,1.3970017677982356,0.3686143760518933,-1.1046105643215378
5.094841843797119,-2.0192078340664805,-0.7093696956559106,-0.08279495077809951,0.38381688837797817,-1.4479359032823067
-0.6006161135545988,-0.8384546630953414,-0.6870419703475319,1.1553338135355473,0.982432575972498,-0.8532305945649106
2.790399829433768,3.385560771867623,-0.7530763214824605,-1.3331817301610207,-1.5855316322510289,-0.5084175161957841
-1.4087712143977273,1.505770592085709,-0.3538960175964186,1.121740710355954,-1.8116703257967663,-0.24214539717959893
7.259178840796265,-5.495735719524615,1.91092587966696,1.895716657224527,0.39637786577166834,0.06639113710393285
1.2988665487890985,7.729852801372743,-0.688914657561033,2.8927274127818263,-2.0153549408003406,-2.2028562306276864
1.076693275633396,8.294775448819092,0.43419245933282735,1.9541898225208352,-1.3958720328201735,-3.5118780786062116
-1.2497605247690635,1.5956838543362597,-1.3564745829683704,0.12626748626910403,0.02342001167052764,-0.4851497226630839
-1.2569284056166259,4.117186681387453,-0.41272977194052785,1.0541736774249233,-1.139527009976188,-1.9490430098435263
-1.1665352144761127,-1.6656937357785893,-0.7378780079463937,1.762167124816231,0.7383522325507378,-0.8347113751513903
4.094142557239532,2.802927249692987,-0.5074334191118122,-1.977318404762252,0.13282519094245054,-1.6035213473449492
-1.887639241359516,1.6721917387241714,0.11979761482345377,1.2182151949822402,2.568069919503376,0.25389176528044355
-2.7674357028453773,-2.161048795053905,-0.02109616930248548,1.6102757375160486,0.7163786836466494,0.03300895192073372
2.2269944892053957,1.9416347590406997,-2.2856034981104494,-0.33986068545580733,-0.5368572991160567,-0.1368205061457865
-1.1315768907448251,-1.411001965460308,-0.5650531260016365,1.9949607120116644,0.5284875693155928,0.07255802411532189
-0.7337724522413844,-1.943697183407274,-0.2752361996574849,-0.3378231474950563,0.6609911537440107,-0.7743052074731545
-2.333670736812153,0.7901466073479474,-0.3500434066527932,0.4408595585101615,-1.42255015877773,0.04664912876400483
2.697223754398565,-1.943709945712047,-0.9605644478257406,0.4595086493874122,-0.5844983969262364,-0.4917254691305454
3.3790146677254014,-2.3334289451473773,-1.2019321806616077,0.5536129599558296,0.52788073628859,-1.0185729870419664
-0.1998705801405025,1.0763600030704679,-0.6731488313977166,0.6284455032027233,-0.8402504318019949,-1.2875018343640137
-1.1760259132332054,1.011370177609234,-0.7117683070534861,1.0660684636191644,-1.4219009765568376,-0.26543966960769644
-1.29263653927801,4.964224701918131,0.3459270182516364,2.2405348920567087,-3.8405299618754247,-0.5486178996669935
8.63075585909748,-3.4594519151349736,-0.17905679292693696,1.1771640783283137,-0.022905324418362516,-0.006691028171718891
-4.429456371065898,-0.7860360356765292,-0.47341909274366034,-0.6966169857861827,0.10380442456968642,0.09718111954671044
-0.6198387404454686,0.6363492701034555,-0.4888512491945127,-0.015154449268410064,-0.10640668178084975,-0.6007162924132473
-3.2523157686137663,1.2859251613740987,-0.21847648697175637,0.3078082302252005,-0.09942900388604861,-1.4031993739640882
-3.3529270535378592,2.673300597825693,-1.779087078291366,1.3895859912009052,-0.3544410831750374,-1.2112737314927466
-0.8598029860032109,0.0968485226719388,-2.814044724811131,0.18432390227350665,-0.6300753836195768,-0.36503905938351106
-3.156621968685333,-0.8715426234769191,-2.195714786572852,1.4498676184583845,0.43143592734948333,0.3260572736002256
0.3465281132125807,1.5412252755338118,2.84645400258414,1.9098114794999925,-0.5718344467712153,-1.6874947733540038
-2.4614066509235157,0.6008479691732422,-1.1714651367354114,2.211053936344396,-0.691911918717147,-0.8526901697867033
-1.5301007215881242,0.4052177893303901,0.604464741607655,-0.3471714871740662,-0.7860472588626655,-1.1021305648113957
-1.7735850660613113,0.804210012457462,-2.027918041446814,-0.6873331744554839,-0.616092025539855,-0.2893277490722775
-2.6804416239649473,-1.4847089005773617,-1.7416933812112148,1.0234906166476456,0.29746873005305174,-0.19807779329130246
4.028435261073996,-2.941430097977891,1.6594853957687425,0.22516730574357682,-0.5135947401007582,1.9362226128400126
-2.1363512286002875,1.5185806391332068,0.17896523391515282,-0.5007767112370424,0.6830474694289409,-1.5516756826995144
5.16541094830366,-2.3822032314321424,-0.42227728087279015,0.8834276116000893,-0.20940811603412385,0.5792300405728593
0.5359319494263015,0.38071514571591697,-0.4431347808074459,-1.87937192084482,0.2268694418733837,-0.523838884478688
0.3431233829440522,3.5344810519572833,0.06966880106511181,-1.5506703393875896,-1.9569208913442024,-2.3395178823780065
-4.197079986346666,2.3673922830432628,1.3271447309067677,-2.039503964036826,-1.7619167163897937,0.04242898108197503
-1.142831864598707,5.599458470436767,1.3010370193758771,-2.1882496550930375,0.7655747006685265,-1.1592265025480515
-1.6654751532164038,2.389618124772427,1.502249440398681,0.8759511443331465,0.4845455573296812,-1.1895181951720841
1.01171249573065,1.0923896495304504,-0.6326983808377358,-1.7585184183340814,1.0468264259551658,0.42589472500604164
-1.3009297119671812,-1.8214153018851935,0.3733074976201951,-1.8481689430935377,0.19962704523222602,0.7657542888493543
-2.3734287250102564,-1.6815762381493975,0.38452814064696605,-3.016728641809613,-0.03824663810863799,0.0688135776689944
-1.6658710117926652,-0.2139627402324784,-0.14807242274825852,-0.19705173639967305,0.5564801866267737,-0.9315822185044651
-1.9276781923709925,-1.1377399160416164,0.4782022974209827,-1.157500400871113,-0.2023419087308878,0.1148982743603432
-4.237216617940924,0.18427249697519812,-0.32641840644095477,0.5883033323708721,-0.7046267900690802,-0.1460912475007858
-2.6778707208452346,2.3157928231856424,-0.05384820413734703,0.34044965130837657,0.4506482103812848,-0.6783474722623843
-3.8364978517966,0.49624992859045025,0.9232396863144687,-0.551871674434548,0.08003560060026099,-0.1126687984902607
-2.551440295950212,0.22832995743503215,1.414178012281236,-1.9707898179224588,-1.4563251296517796,0.8555217785598054
-4.694923445156952,-0.7674779440739863,1.5439648405165936,-0.7790190231106716,-0.7848969701145372,0.8513735074721934
-2.0250371641278337,1.2612419002768007,0.5049260937192701,-1.1355273943696367,-0.11426261165289597,1.7847769809732417
-2.89594820551874,-1.451635764393586,0.7805459975924719,-2.9704481966476606,-0.3571499591570074,-0.58320258671564
-3.5022010405415913,1.8008324920537417,2.7664566378110447,-0.8663072835054517,-0.6253647241675127,0.412269383078955
-2.153903667396327,-0.8300688184463618,0.5647967244123661,-3.011755927513044,0.5658252954094233,-0.5504026728786768
-2.0550840679916704,1.6164592680282568,1.8389594650351848,-3.1135349753889194,0.2110426730371132,-1.6418061996607582
-3.8772895793963174,1.0842547443818098,1.8599439081596307,-0.43373967111176487,-1.687438814815667,-0.8148928406951945
-4.063862114727868,0.12216843515350281,3.2387726467076248,-3.46918295846212,-2.2419080696833698,0.17490900593700526
-0.09866733268746569,-0.21355983837539652,0.38892946391089567,-1.0127105204447993,2.9890677264705805,0.012452195406068674
-1.0893761900711745,1.2928478983317946,1.4293788860738055,-3.372136458840239,0.9473415893285677,-1.725869800009374
-0.4817709648462868,-0.17801969118613692,1.0321075818302212,-2.0102801844275224,0.3271031501022273,-0.9920623423868009
-4.870309518087181,-2.131106107504207,3.414188780850922,-5.1339883110055595,-0.48892076811229684,-1.1107924034325332
5.917612589148321,3.4826366586617374,-3.262791689828206,-3.917585442518649,1.71638206707024,1.013598465219091
8.741338077268342,-0.5738546724230282,0.8970900987699946,0.3851499132067928,0.6790432564835115,-0.30075274322931483
6.439315483953721,-3.576817444015385,2.4594865585440355,1.1773140459673337,-0.07482427709461156,-2.375192986342818
3.793382370034042,-3.5840478640264415,2.0884763883886026,-2.5060277531172948,-0.5107225465691791,-0.24671020022926038
1.2561792761513204,-1.90229671314558,0.562730524948798,-2.0892270204186065,1.8099913100707756,-0.5344472599070941
10.374794059770853,1.6720101052477747,-1.8770293306668733,-2.3560311301800265,-0.03374194910530415,0.5679363530520699
-5.475243302549548,-0.6706367904641028,1.490443083415026,-2.2991571545831393,-0.184703199544883,1.617837583945546
